Name,Email,Age,Date,Latitude,Longitude,Buildings,Roads_and_Tracks,Damage,Human_Alterations,Archaeology,Human_Activity
Anonymous,Anonymous,Anonymous,2024-04-17,,,Hotels,Other,None,None,None,Diving
Test ,test@mail.com,31,2024-04-17,,,"Houses, Hotels","Highway, Train Tracks","Collapsed sections, Graffiti, Other",None,None,"Farming, Livestock, Beekeeping"
Anonymous,Anonymous,Anonymous,2024-04-18,,,"Shops, Other",Other,"Cracks, Collapsed sections, Other","Walls, Other",Other,None
Anonymous,Anonymous,Anonymous,2024-04-11,,,Other,"Highway, Other",Collapsed sections,Lighting installations,Pottery shards,Farming
Anonymous,Anonymous,Anonymous,2024-04-17,,,Other,None,None,None,None,None
Anonymous,Anonymous,Anonymous,2024-04-18,,,Other,None,None,None,None,None
Anonymous,Anonymous,Anonymous,2024-04-17,,,Other,None,Other,None,None,None
Anonymous,Anonymous,Anonymous,2024-04-21,,,Houses,,Test,,,
Anonymous,Anonymous,Anonymous,2024-04-20,,,None,,None,,,
Anonymous,Anonymous,Anonymous,2024-04-20,,,None,,None,,,
Anonymous,Anonymous,Anonymous,2024-04-21,39.87648114677615,19.994249828159813,None,,None,,,
Anonymous,Anonymous,Anonymous,2024-04-13,,,None,,None,,,
,,,2024-04-20,,,Shops,,Erosion,,,
Anonymous,Anonymous,Anonymous,2024-04-13,,,Houses,"Train Tracks, Other",Graffiti,Walls,None,Livestock
Anonymous,Anonymous,Anonymous,2024-04-21,20.607678000832284,-87.15361833572389,"Construction Site, Other",None,Graffiti,None,Ruins,None
